Date (YYYY-MM-DD),Time (GMT),Temperature (C),Humidity (%)
2024-12-04,09:13:25,8.2,36.2
2024-12-04,09:14:25,8.2,36.2
2024-12-04,09:15:25,8.2,36.2
2024-12-04,09:16:26,8.2,36.3
2024-12-04,09:17:26,8.2,36.3
2024-12-04,09:18:26,8.2,36.3
2024-12-04,09:19:26,8.2,36.4
2024-12-04,09:20:27,8.2,36.4
2024-12-04,09:21:27,8.2,36.5
2024-12-04,09:22:27,8.1,36.5
2024-12-04,09:23:27,8.2,36.5
2024-12-04,09:24:27,8.2,36.4
2024-12-04,09:25:28,8.1,36.4
2024-12-04,09:26:28,8.1,36.4
2024-12-04,09:27:28,8.1,36.4
2024-12-04,09:28:28,8.1,36.4
2024-12-04,09:29:28,8.1,36.3
2024-12-04,09:30:29,8.0,36.4
2024-12-04,09:31:29,8.0,36.4
2024-12-04,09:32:29,8.0,36.5
2024-12-04,09:33:29,8.0,36.5
2024-12-04,09:34:30,8.0,36.5
2024-12-04,09:35:30,8.0,36.6
2024-12-04,09:36:30,8.0,36.5
2024-12-04,09:37:30,8.0,36.6
2024-12-04,09:38:30,7.9,36.5
2024-12-04,09:39:31,7.9,36.6
2024-12-04,09:40:31,7.9,36.5
2024-12-04,09:41:31,7.9,36.6
2024-12-04,09:42:31,7.9,36.7
2024-12-04,09:43:32,7.9,36.7
2024-12-04,09:44:32,7.9,36.6
2024-12-04,09:45:32,7.9,36.7
2024-12-04,09:46:32,7.9,36.6
2024-12-04,09:47:33,7.8,36.6
2024-12-04,09:48:33,7.8,36.6
2024-12-04,09:49:33,7.8,36.7
2024-12-04,09:50:33,7.8,36.7
2024-12-04,09:51:34,7.8,36.8
2024-12-04,09:52:34,7.8,36.7
2024-12-04,09:53:34,7.8,36.7
2024-12-04,09:54:34,7.8,36.7
2024-12-04,09:55:34,7.8,36.7
2024-12-04,09:56:35,7.7,36.8
2024-12-04,09:57:35,7.7,36.8
2024-12-04,09:58:35,7.7,36.7
2024-12-04,09:59:35,7.7,36.8
2024-12-04,10:00:36,7.7,36.8
2024-12-04,10:01:36,7.7,36.8
2024-12-04,10:02:36,7.7,36.8
2024-12-04,10:03:36,7.6,36.9
2024-12-04,10:04:37,7.6,36.9
2024-12-04,10:05:37,7.6,36.9
2024-12-04,10:06:37,7.6,36.9
2024-12-04,10:07:37,7.6,36.9
2024-12-04,10:08:38,7.6,36.9
2024-12-04,10:09:38,7.6,36.9
2024-12-04,10:10:38,7.6,36.9
2024-12-04,10:11:38,7.6,36.9
2024-12-04,10:12:39,7.6,37.0
2024-12-04,10:13:39,7.6,37.1
2024-12-04,10:14:39,7.6,36.9
2024-12-04,10:15:39,7.5,37.0
2024-12-04,10:16:39,7.6,36.9
2024-12-04,10:17:40,7.5,36.8
2024-12-04,10:18:40,7.5,37.0
2024-12-04,10:19:40,7.5,36.9
2024-12-04,10:20:40,7.5,37.1
2024-12-04,10:21:41,7.5,37.1
2024-12-04,10:22:41,7.5,37.1
2024-12-04,10:23:41,7.5,37.1
2024-12-04,10:24:41,7.5,37.0
2024-12-04,10:25:42,7.4,37.0
2024-12-04,10:26:42,7.4,37.0
2024-12-04,10:27:42,7.5,37.1
2024-12-04,10:28:42,7.5,37.1
2024-12-04,10:29:43,7.4,37.2
2024-12-04,10:30:43,7.4,37.2
2024-12-04,10:31:43,7.4,37.2
2024-12-04,10:32:43,7.4,37.1
2024-12-04,10:33:44,7.4,37.2
2024-12-04,10:34:44,7.4,37.2
2024-12-04,10:35:44,7.4,37.3
2024-12-04,10:36:44,7.4,37.2
2024-12-04,10:37:45,7.4,37.2
2024-12-04,10:38:45,7.4,37.2
2024-12-04,10:39:45,7.4,37.3
2024-12-04,10:40:45,7.3,37.3
2024-12-04,10:41:46,7.3,37.3
2024-12-04,10:42:46,7.3,37.4
2024-12-04,10:43:46,7.3,37.3
2024-12-04,10:44:46,7.3,37.3
2024-12-04,10:45:47,7.3,37.3
2024-12-04,10:46:47,7.3,37.4
2024-12-04,10:47:47,7.3,37.3
2024-12-04,10:48:47,7.3,37.4
2024-12-04,10:49:48,7.3,37.5
2024-12-04,10:50:48,7.3,37.4
2024-12-04,10:51:48,7.3,37.4
2024-12-04,10:52:48,7.3,37.5
2024-12-04,10:53:48,7.3,37.5
2024-12-04,10:54:49,7.3,37.5
2024-12-04,10:55:49,7.3,37.5
2024-12-04,10:56:49,7.3,37.5
2024-12-04,10:57:49,7.3,37.5
2024-12-04,10:58:50,7.3,37.5
2024-12-04,10:59:50,7.3,37.4
2024-12-04,11:00:50,7.2,37.5
2024-12-04,11:01:50,7.2,37.4
2024-12-04,11:02:51,7.2,37.5
2024-12-04,11:03:51,7.2,37.5
2024-12-04,11:04:51,7.2,37.5
2024-12-04,11:05:51,7.2,37.5
2024-12-04,11:06:52,7.1,37.6
2024-12-04,11:07:52,7.2,37.6
2024-12-04,11:08:52,7.2,37.6
2024-12-04,11:09:52,7.1,37.6
2024-12-04,11:10:53,7.2,37.6
2024-12-04,11:11:53,7.2,37.7
2024-12-04,11:12:53,7.1,37.7
2024-12-04,11:13:53,7.2,37.7
2024-12-04,11:14:54,7.1,37.7
2024-12-04,11:15:54,7.1,37.7
2024-12-04,11:16:54,7.2,37.7
2024-12-04,11:17:54,7.2,37.7
2024-12-04,11:18:55,7.1,37.7
2024-12-04,11:19:55,7.2,37.7
2024-12-04,11:20:55,7.1,37.7
2024-12-04,11:21:56,7.1,37.7
2024-12-04,11:22:56,7.1,37.8
2024-12-04,11:23:56,7.0,37.8
2024-12-04,11:24:56,7.1,37.8
2024-12-04,11:25:57,7.0,37.8
2024-12-04,11:26:57,7.0,37.9
2024-12-04,11:27:57,7.0,37.9
2024-12-04,11:28:57,7.1,38.0
2024-12-04,11:29:58,7.0,37.9
2024-12-04,11:30:58,7.1,37.9
2024-12-04,11:31:58,7.1,38.0
2024-12-04,11:32:58,7.1,38.0
2024-12-04,11:33:58,7.1,38.0
2024-12-04,11:34:59,7.1,38.0
2024-12-04,11:35:59,7.0,38.0
2024-12-04,11:36:59,7.0,38.0
2024-12-04,11:37:59,7.1,38.0
2024-12-04,11:39:00,7.0,38.0
2024-12-04,11:40:00,7.0,38.1
2024-12-04,11:41:00,7.1,38.1
2024-12-04,11:42:00,7.0,38.1
2024-12-04,11:43:01,7.0,38.1
2024-12-04,11:44:01,7.0,38.2
2024-12-04,11:45:01,7.0,38.2
2024-12-04,11:46:01,7.0,38.2
2024-12-04,11:47:02,7.0,38.1
2024-12-04,11:48:02,7.0,38.2
2024-12-04,11:49:02,7.0,38.2
2024-12-04,11:50:02,7.0,38.1
2024-12-04,11:51:02,7.0,38.1
2024-12-04,11:52:03,7.0,38.1
2024-12-04,11:53:03,7.0,38.2
2024-12-04,11:54:03,7.0,38.2
2024-12-04,11:55:03,7.0,38.3
2024-12-04,11:56:04,7.0,38.2
2024-12-04,11:57:04,7.0,38.3
2024-12-04,11:58:04,7.0,38.2
2024-12-04,11:59:04,7.0,38.2
2024-12-04,12:00:05,6.9,38.3
2024-12-04,12:01:05,6.9,38.3
2024-12-04,12:02:05,6.9,38.3
2024-12-04,12:03:05,6.9,38.3
2024-12-04,12:04:06,6.9,38.3
2024-12-04,12:05:06,6.9,38.4
2024-12-04,12:06:06,6.9,38.4
2024-12-04,12:07:06,6.9,38.4
2024-12-04,12:08:07,6.9,38.4
2024-12-04,12:09:07,6.9,38.5
2024-12-04,12:10:07,6.9,38.5
2024-12-04,12:11:07,6.9,38.6
2024-12-04,12:12:07,6.9,38.5
2024-12-04,12:13:08,6.9,38.5
2024-12-04,12:14:08,6.9,38.5
2024-12-04,12:15:08,6.9,38.5
2024-12-04,12:16:08,6.9,38.6
2024-12-04,12:17:09,6.9,38.6
2024-12-04,12:18:09,6.8,38.6
2024-12-04,12:19:09,6.8,38.6
2024-12-04,12:20:09,6.9,38.7
2024-12-04,12:21:10,6.8,38.7
2024-12-04,12:22:10,6.8,38.6
2024-12-04,12:23:10,6.8,38.7
2024-12-04,12:24:10,6.8,38.7
2024-12-04,12:25:11,6.8,38.7
2024-12-04,12:26:11,6.8,38.6
2024-12-04,12:27:11,6.8,38.7
2024-12-04,12:28:11,6.8,38.7
2024-12-04,12:29:12,6.8,38.7
2024-12-04,12:30:12,6.8,38.7
2024-12-04,12:31:12,6.8,38.8
2024-12-04,12:32:12,6.8,38.8
2024-12-04,12:33:13,6.8,38.9
2024-12-04,12:34:13,6.8,38.8
2024-12-04,12:35:13,6.8,38.7
2024-12-04,12:36:13,6.8,38.8
2024-12-04,12:37:14,6.9,38.8
2024-12-04,12:38:14,6.8,38.8
2024-12-04,12:39:14,6.8,38.7
2024-12-04,12:40:14,6.8,38.8
2024-12-04,12:41:15,6.8,38.8
2024-12-04,12:42:15,6.8,38.8
2024-12-04,12:43:15,6.8,38.8
2024-12-04,12:44:15,6.8,38.8
2024-12-04,12:45:16,6.8,38.7
2024-12-04,12:46:16,6.8,38.8
2024-12-04,12:47:16,6.8,38.8
2024-12-04,12:48:16,6.8,38.8
2024-12-04,12:49:17,6.7,38.9
2024-12-04,12:50:17,6.7,39.0
2024-12-04,12:51:17,6.7,39.1
2024-12-04,12:52:17,6.8,39.0
2024-12-04,12:53:18,6.8,39.0
2024-12-04,12:54:18,6.7,39.1
2024-12-04,12:55:18,6.7,39.2
2024-12-04,12:56:18,6.7,39.1
2024-12-04,12:57:19,6.7,39.1
2024-12-04,12:58:19,6.7,39.1
2024-12-04,12:59:19,6.6,39.1
2024-12-04,13:00:19,6.7,39.1
2024-12-04,13:01:20,6.7,39.1
2024-12-04,13:02:20,6.7,39.1
2024-12-04,13:03:20,6.6,39.1
2024-12-04,13:04:20,6.7,39.1
2024-12-04,13:05:21,6.6,39.1
2024-12-04,13:06:21,6.6,39.1
2024-12-04,13:07:21,6.6,39.1
2024-12-04,13:08:22,6.6,39.1
2024-12-04,13:09:22,6.6,39.1
2024-12-04,13:10:22,6.6,39.1
2024-12-04,13:11:22,6.6,39.1
2024-12-04,13:12:23,6.6,39.2
2024-12-04,13:13:23,6.6,39.2
2024-12-04,13:14:23,6.6,39.3
2024-12-04,13:15:23,6.5,39.4
2024-12-04,13:16:24,6.5,39.3
2024-12-04,13:17:24,6.5,39.4
2024-12-04,13:18:24,6.5,39.4
2024-12-04,13:19:24,6.6,39.4
2024-12-04,13:20:25,6.5,39.3
2024-12-04,13:21:25,6.5,39.3
2024-12-04,13:22:25,6.5,39.3
2024-12-04,13:23:25,6.5,39.3
2024-12-04,13:24:26,6.5,39.3
2024-12-04,13:25:26,6.5,39.2
2024-12-04,13:26:26,6.5,39.3
2024-12-04,13:27:26,6.6,39.3
2024-12-04,13:28:27,6.5,39.2
2024-12-04,13:29:27,6.5,39.3
2024-12-04,13:30:27,6.5,39.2
2024-12-04,13:31:27,6.5,39.2
2024-12-04,13:32:28,6.6,39.2
2024-12-04,13:33:28,6.5,39.3
2024-12-04,13:34:28,6.5,39.2
2024-12-04,13:35:29,6.5,39.2
2024-12-04,13:36:29,6.5,39.3
2024-12-04,13:37:29,6.5,39.3
2024-12-04,13:38:29,6.5,39.2
2024-12-04,13:39:30,6.5,39.3
2024-12-04,13:40:30,6.5,39.3
2024-12-04,13:41:30,6.4,39.4
2024-12-04,13:42:31,6.5,39.4
2024-12-04,13:43:31,6.4,39.4
2024-12-04,13:44:31,6.4,39.4
2024-12-04,13:45:31,6.4,39.3
2024-12-04,13:46:32,6.4,39.4
2024-12-04,13:47:32,6.4,39.4
2024-12-04,13:48:32,6.4,39.4
2024-12-04,13:49:32,6.4,39.4
2024-12-04,13:50:32,6.3,39.4
2024-12-04,13:51:33,6.3,39.4
2024-12-04,13:52:33,6.4,39.4
2024-12-04,13:53:33,6.4,39.5
2024-12-04,13:54:33,6.4,39.4
2024-12-04,13:55:34,6.4,39.4
2024-12-04,13:56:34,6.4,39.4
2024-12-04,13:57:34,6.4,39.5
2024-12-04,13:58:34,6.4,39.4
2024-12-04,13:59:35,6.3,39.4
2024-12-04,14:00:35,6.3,39.4
2024-12-04,14:01:35,6.3,39.5
2024-12-04,14:02:35,6.3,39.5
2024-12-04,14:03:36,6.4,39.5
2024-12-04,14:04:36,6.4,39.5
2024-12-04,14:05:36,6.4,39.5
2024-12-04,14:06:36,6.3,39.5
2024-12-04,14:07:37,6.3,39.5
2024-12-04,14:08:37,6.3,39.5
2024-12-04,14:09:37,6.3,39.5
2024-12-04,14:10:37,6.3,39.4
2024-12-04,14:11:38,6.3,39.5
2024-12-04,14:12:38,6.3,39.5
2024-12-04,14:13:38,6.3,39.6
2024-12-04,14:14:38,6.3,39.6
2024-12-04,14:15:39,6.3,39.6
2024-12-04,14:16:39,6.3,39.7
2024-12-04,14:17:39,6.2,39.7
2024-12-04,14:18:39,6.2,39.7
2024-12-04,14:19:40,6.3,39.7
2024-12-04,14:20:40,6.3,39.7
2024-12-04,14:21:40,6.3,39.7
2024-12-04,14:22:40,6.3,39.8
2024-12-04,14:23:41,6.3,39.7
2024-12-04,14:24:41,6.3,39.7
2024-12-04,14:25:41,6.2,39.6
2024-12-04,14:26:41,6.2,39.7
2024-12-04,14:27:42,6.3,39.7
2024-12-04,14:28:42,6.2,39.7
2024-12-04,14:29:42,6.2,39.7
2024-12-04,14:30:42,6.2,39.7
2024-12-04,14:31:43,6.2,39.7
2024-12-04,14:32:43,6.2,39.8
2024-12-04,14:33:43,6.2,39.8
2024-12-04,14:34:43,6.3,39.7
2024-12-04,14:35:44,6.2,39.8
2024-12-04,14:36:44,6.1,39.9
2024-12-04,14:37:44,6.2,39.8
2024-12-04,14:38:44,6.2,39.9
2024-12-04,14:39:45,6.2,40.0
2024-12-04,14:40:45,6.1,40.0
2024-12-04,14:41:45,6.1,40.0
2024-12-04,14:42:45,6.1,40.0
2024-12-04,14:43:46,6.2,40.0
2024-12-04,14:44:46,6.2,40.0
2024-12-04,14:45:46,6.1,40.0
2024-12-04,14:46:47,6.2,40.0
2024-12-04,14:47:47,6.1,40.0
2024-12-04,14:48:47,6.1,40.1
2024-12-04,14:49:47,6.1,40.1
2024-12-04,14:50:47,6.1,40.1
2024-12-04,14:51:48,6.1,40.2
2024-12-04,14:52:48,6.1,40.2
2024-12-04,14:53:48,6.1,40.1
2024-12-04,14:54:48,6.0,40.2
2024-12-04,14:55:49,6.0,40.3
2024-12-04,14:56:49,6.0,40.3
2024-12-04,14:57:49,6.0,40.3
2024-12-04,14:58:49,6.0,40.3
2024-12-04,14:59:50,6.0,40.2
2024-12-04,15:00:50,6.0,40.2
2024-12-04,15:01:50,6.0,40.3
2024-12-04,15:02:51,6.0,40.3
2024-12-04,15:03:51,6.1,40.3
2024-12-04,15:04:51,6.0,40.3
2024-12-04,15:05:51,6.0,40.3
2024-12-04,15:06:52,6.1,40.3
2024-12-04,15:07:52,6.1,40.3
2024-12-04,15:08:52,6.0,40.2
2024-12-04,15:09:52,6.0,40.2
2024-12-04,15:10:53,6.0,40.3
2024-12-04,15:11:53,6.1,40.3
2024-12-04,15:12:53,6.1,40.2
2024-12-04,15:13:53,6.1,40.1
2024-12-04,15:14:54,6.0,40.2
2024-12-04,15:15:54,6.0,40.2
2024-12-04,15:16:54,6.0,40.2
2024-12-04,15:17:54,6.0,40.1
2024-12-04,15:18:55,6.0,40.2
2024-12-04,15:19:55,6.1,40.1
2024-12-04,15:20:55,6.1,40.1
2024-12-04,15:21:55,6.0,40.1
2024-12-04,15:22:56,6.0,40.1
2024-12-04,15:23:56,6.0,40.1
2024-12-04,15:24:56,6.0,40.1
2024-12-04,15:25:56,6.0,40.2
2024-12-04,15:26:57,6.0,40.2
2024-12-04,15:27:57,6.0,40.2
2024-12-04,15:28:57,6.0,40.3
2024-12-04,15:29:57,6.0,40.2
2024-12-04,15:30:58,6.0,40.1
2024-12-04,15:31:58,6.0,40.2
2024-12-04,15:32:58,6.1,40.1
2024-12-04,15:33:58,6.1,40.3
2024-12-04,15:34:59,6.0,40.3
2024-12-04,15:35:59,6.0,40.2
2024-12-04,15:36:59,6.1,40.1
2024-12-04,15:37:59,6.0,40.2
2024-12-04,15:39:00,6.0,40.3
2024-12-04,15:40:00,6.0,40.3
2024-12-04,15:41:00,6.0,40.3
2024-12-04,15:42:01,6.0,40.2
2024-12-04,15:43:01,6.0,40.3
2024-12-04,15:44:01,6.0,40.3
2024-12-04,15:45:01,6.0,40.3
2024-12-04,15:46:02,5.9,40.2
2024-12-04,15:47:02,5.9,40.4
2024-12-04,15:48:02,5.9,40.4
2024-12-04,15:49:02,6.0,40.4
2024-12-04,15:50:03,5.9,40.3
2024-12-04,15:51:03,5.9,40.4
2024-12-04,15:52:03,6.0,40.4
2024-12-04,15:53:03,5.9,40.4
2024-12-04,15:54:04,5.9,40.5
2024-12-04,15:55:04,5.9,40.4
2024-12-04,15:56:04,5.9,40.6
2024-12-04,15:57:04,5.9,40.6
2024-12-04,15:58:05,5.9,40.7
2024-12-04,15:59:05,5.9,40.7
2024-12-04,16:00:05,5.8,40.8
2024-12-04,16:01:05,5.8,40.8
2024-12-04,16:02:06,5.8,40.8
2024-12-04,16:03:06,5.7,40.9
2024-12-04,16:04:06,5.8,40.9
2024-12-04,16:05:06,5.7,40.9
2024-12-04,16:06:07,5.7,41.0
2024-12-04,16:07:07,5.7,41.1
2024-12-04,16:08:07,5.7,41.2
2024-12-04,16:09:07,5.7,41.2
2024-12-04,16:10:08,5.7,41.3
2024-12-04,16:11:08,5.7,41.3
2024-12-04,16:12:08,5.7,41.3
2024-12-04,16:13:08,5.7,41.3
2024-12-04,16:14:09,5.7,41.3
2024-12-04,16:15:09,5.6,41.4
2024-12-04,16:16:09,5.7,41.4
2024-12-04,16:17:09,5.6,41.4
2024-12-04,16:18:10,5.7,41.5
2024-12-04,16:19:10,5.6,41.6
2024-12-04,16:20:10,5.7,41.5
2024-12-04,16:21:11,5.6,41.4
2024-12-04,16:22:11,5.6,41.5
2024-12-04,16:23:11,5.6,41.5
2024-12-04,16:24:11,5.6,41.5
2024-12-04,16:25:12,5.6,41.4
2024-12-04,16:26:12,5.6,41.6
2024-12-04,16:27:12,5.6,41.4
2024-12-04,16:28:12,5.6,41.6
2024-12-04,16:29:13,5.5,41.7
2024-12-04,16:30:13,5.6,41.6
2024-12-04,16:31:13,5.6,41.7
2024-12-04,16:32:13,5.6,41.6
2024-12-04,16:33:14,5.6,41.7
2024-12-04,16:34:14,5.6,41.6
2024-12-04,16:35:14,5.6,41.7
2024-12-04,16:36:14,5.6,41.6
2024-12-04,16:37:15,5.6,41.7
2024-12-04,16:38:15,5.6,41.6
2024-12-04,16:39:15,5.6,41.7
2024-12-04,16:40:16,5.6,41.6
2024-12-04,16:41:16,5.7,41.8
2024-12-04,16:42:16,5.6,41.8
2024-12-04,16:43:16,5.6,41.9
2024-12-04,16:44:17,5.6,41.9
2024-12-04,16:45:17,5.6,41.9
2024-12-04,16:46:17,5.6,42.0
2024-12-04,16:47:17,5.6,42.0
2024-12-04,16:48:18,5.5,42.0
2024-12-04,16:49:18,5.6,42.0
2024-12-04,16:50:18,5.6,42.0
2024-12-04,16:51:18,5.6,42.0
2024-12-04,16:52:19,5.6,42.0
2024-12-04,16:53:19,5.6,42.0
2024-12-04,16:54:19,5.6,42.0
2024-12-04,16:55:19,5.6,42.0
2024-12-04,16:56:20,5.6,42.1
2024-12-04,16:57:20,5.6,42.2
2024-12-04,16:58:20,5.6,42.3
2024-12-04,16:59:21,5.5,42.3
2024-12-04,17:00:21,5.6,42.3
2024-12-04,17:01:21,5.6,42.3
2024-12-04,17:02:21,5.6,42.4
2024-12-04,17:03:22,5.6,42.2
2024-12-04,17:04:22,5.6,42.3
2024-12-04,17:05:22,5.6,42.4
2024-12-04,17:06:22,5.6,42.3
2024-12-04,17:07:23,5.6,42.4
2024-12-04,17:08:23,5.5,42.5
2024-12-04,17:09:23,5.5,42.6
2024-12-04,17:10:23,5.4,42.7
2024-12-04,17:11:24,5.4,42.8
2024-12-04,17:12:24,5.5,42.8
2024-12-04,17:13:24,5.5,42.8
2024-12-04,17:14:24,5.5,42.9
2024-12-04,17:15:25,5.5,42.8
2024-12-04,17:16:25,5.5,42.8
2024-12-04,17:17:25,5.5,42.9
2024-12-04,17:18:26,5.5,42.8
2024-12-04,17:19:26,5.5,42.9
2024-12-04,17:20:26,5.5,42.9
2024-12-04,17:21:26,5.5,42.9
2024-12-04,17:22:27,5.5,42.8
2024-12-04,17:23:27,5.5,42.9
2024-12-04,17:24:27,5.5,42.9
2024-12-04,17:25:27,5.5,42.9
2024-12-04,17:26:28,5.5,42.9
2024-12-04,17:27:28,5.5,42.9
2024-12-04,17:28:28,5.5,42.8
2024-12-04,17:29:28,5.5,42.8
2024-12-04,17:30:29,5.6,42.8
2024-12-04,17:31:29,5.6,42.6
2024-12-04,17:32:29,5.6,42.6
2024-12-04,17:33:29,5.6,42.5
2024-12-04,17:34:30,5.6,42.6
2024-12-04,17:35:30,5.6,42.5
2024-12-04,17:36:30,5.7,42.5
2024-12-04,17:37:31,5.7,42.4
2024-12-04,17:38:31,5.7,42.4
2024-12-04,17:39:31,5.6,42.4
2024-12-04,17:40:31,5.7,42.4
2024-12-04,17:41:32,5.7,42.3
2024-12-04,17:42:32,5.7,42.3
2024-12-04,17:43:32,5.7,42.2
2024-12-04,17:44:32,5.7,42.2
2024-12-04,17:45:33,5.8,42.3
2024-12-04,17:46:33,5.7,42.2
2024-12-04,17:47:33,5.7,42.2
2024-12-04,17:48:33,5.7,42.2
2024-12-04,17:49:34,5.7,42.3
2024-12-04,17:50:34,5.8,42.2
2024-12-04,17:51:34,5.7,42.1
2024-12-04,17:52:34,5.6,42.1
2024-12-04,17:53:35,5.6,42.0
2024-12-04,17:54:35,5.7,42.1
2024-12-04,17:55:35,5.7,42.1
2024-12-04,17:56:36,5.7,42.1
2024-12-04,17:57:36,5.8,42.1
2024-12-04,17:58:36,5.8,41.9
2024-12-04,17:59:36,5.8,41.9
2024-12-04,18:00:37,5.7,41.9
2024-12-04,18:01:37,5.8,41.9
2024-12-04,18:02:37,5.8,41.9
2024-12-04,18:03:37,5.8,42.0
2024-12-04,18:04:38,5.7,41.9
2024-12-04,18:05:38,5.8,41.9
2024-12-04,18:06:38,5.8,41.9
2024-12-04,18:07:38,5.8,41.9
2024-12-04,18:08:39,5.8,41.9
2024-12-04,18:09:39,5.8,41.9
2024-12-04,18:10:39,5.8,41.9
2024-12-04,18:11:40,5.8,41.9
2024-12-04,18:12:40,5.8,41.9
2024-12-04,18:13:40,5.8,41.9
2024-12-04,18:14:40,5.8,41.8
2024-12-04,18:15:41,5.8,41.9
2024-12-04,18:16:41,5.8,41.9
2024-12-04,18:17:41,5.8,41.9
2024-12-04,18:18:41,5.8,42.0
2024-12-04,18:19:42,5.7,42.0
2024-12-04,18:20:42,5.8,42.0
2024-12-04,18:21:42,5.7,41.9
2024-12-04,18:22:42,5.8,42.0
2024-12-04,18:23:43,5.9,42.0
2024-12-04,18:24:43,5.9,42.0
2024-12-04,18:25:43,5.9,42.0
2024-12-04,18:26:43,5.9,41.9
2024-12-04,18:27:44,5.9,42.0
2024-12-04,18:28:44,5.9,42.0
2024-12-04,18:29:44,5.9,42.0
2024-12-04,18:30:45,5.8,42.1
2024-12-04,18:31:45,5.9,42.0
2024-12-04,18:32:45,5.9,42.1
2024-12-04,18:33:45,5.8,42.1
2024-12-04,18:34:46,5.8,42.2
2024-12-04,18:35:46,5.9,42.1
2024-12-04,18:36:46,5.9,42.1
2024-12-04,18:37:47,5.9,42.2
2024-12-04,18:38:47,5.9,42.2
2024-12-04,18:39:47,5.8,42.2
2024-12-04,18:40:47,5.8,42.2
2024-12-04,18:41:48,5.8,42.1
2024-12-04,18:42:48,5.7,42.4
2024-12-04,18:43:48,5.7,42.3
2024-12-04,18:44:48,5.7,42.4
2024-12-04,18:45:49,5.8,42.3
2024-12-04,18:46:49,5.8,42.3
2024-12-04,18:47:49,5.8,42.3
2024-12-04,18:48:50,5.9,42.4
2024-12-04,18:49:50,5.9,42.4
2024-12-04,18:50:50,5.8,42.3
2024-12-04,18:51:50,5.8,42.4
2024-12-04,18:52:51,5.9,42.4
2024-12-04,18:53:51,5.9,42.3
2024-12-04,18:54:51,5.9,42.4
2024-12-04,18:55:51,5.9,42.3
2024-12-04,18:56:52,5.9,42.3
2024-12-04,18:57:52,5.9,42.3
2024-12-04,18:58:52,5.9,42.3
2024-12-04,18:59:52,5.9,42.2
2024-12-04,19:00:53,5.9,42.1
2024-12-04,19:01:53,5.9,42.2
2024-12-04,19:02:53,5.8,42.2
2024-12-04,19:03:54,5.8,42.2
2024-12-04,19:04:54,5.8,42.3
2024-12-04,19:05:54,5.8,42.3
2024-12-04,19:06:54,5.9,42.2
2024-12-04,19:07:55,5.9,42.2
2024-12-04,19:08:55,5.8,42.2
2024-12-04,19:09:55,5.8,42.3
2024-12-04,19:10:56,5.8,42.5
2024-12-04,19:11:56,5.8,42.3
2024-12-04,19:12:56,5.8,42.4
2024-12-04,19:13:56,5.8,42.3
2024-12-04,19:14:57,5.8,42.3
2024-12-04,19:15:57,5.9,42.3
2024-12-04,19:16:57,5.9,42.3
2024-12-04,19:17:57,5.9,42.4
2024-12-04,19:18:58,5.9,42.5
2024-12-04,19:19:58,5.8,42.5
2024-12-04,19:20:58,5.8,42.4
2024-12-04,19:21:59,5.8,42.5
2024-12-04,19:22:59,5.8,42.4
2024-12-04,19:23:59,5.7,42.6
2024-12-04,19:24:59,5.7,42.7
2024-12-04,19:26:00,5.7,42.7
2024-12-04,19:27:00,5.7,42.7
2024-12-04,19:28:00,5.7,42.8
2024-12-04,19:29:00,5.6,42.9
2024-12-04,19:30:01,5.6,42.8
2024-12-04,19:31:01,5.7,42.9
2024-12-04,19:32:01,5.7,42.9
2024-12-04,19:33:01,5.7,42.9
2024-12-04,19:34:02,5.7,42.9
2024-12-04,19:35:02,5.7,43.0
2024-12-04,19:36:02,5.7,43.0
2024-12-04,19:37:03,5.8,42.9
2024-12-04,19:38:03,5.7,42.8
2024-12-04,19:39:03,5.7,43.1
2024-12-04,19:40:03,5.6,43.3
2024-12-04,19:41:04,5.5,43.3
2024-12-04,19:42:04,5.6,43.4
2024-12-04,19:43:04,5.6,43.4
2024-12-04,19:44:05,5.6,43.3
2024-12-04,19:45:05,5.6,43.2
2024-12-04,19:46:05,5.6,43.3
2024-12-04,19:47:05,5.7,43.2
2024-12-04,19:48:06,5.6,43.1
2024-12-04,19:49:06,5.6,43.2
2024-12-04,19:50:06,5.6,43.2
2024-12-04,19:51:06,5.6,43.2
2024-12-04,19:52:07,5.6,43.2
2024-12-04,19:53:07,5.5,43.2
2024-12-04,19:54:07,5.7,43.1
2024-12-04,19:55:08,5.6,43.1
2024-12-04,19:56:08,5.6,43.1
2024-12-04,19:57:08,5.6,43.1
2024-12-04,19:58:08,5.6,43.1
2024-12-04,19:59:09,5.6,43.1
2024-12-04,20:00:09,5.6,43.1
2024-12-04,20:01:09,5.6,43.0
2024-12-04,20:02:10,5.6,43.1
2024-12-04,20:03:10,5.6,43.1
2024-12-04,20:04:10,5.6,43.0
2024-12-04,20:05:10,5.6,43.1
2024-12-04,20:06:11,5.7,43.1
2024-12-04,20:07:11,5.6,43.2
2024-12-04,20:08:11,5.6,43.1
2024-12-04,20:09:11,5.6,43.1
2024-12-04,20:10:12,5.6,43.1
2024-12-04,20:11:12,5.6,43.2
2024-12-04,20:12:12,5.6,43.2
2024-12-04,20:13:13,5.6,43.1
2024-12-04,20:14:13,5.6,43.1
2024-12-04,20:15:13,5.6,43.1
2024-12-04,20:16:13,5.6,43.1
2024-12-04,20:17:14,5.6,43.2
2024-12-04,20:18:14,5.6,43.2
2024-12-04,20:19:14,5.6,43.3
2024-12-04,20:20:14,5.6,43.2
2024-12-04,20:21:15,5.6,43.3
2024-12-04,20:22:15,5.6,43.2
2024-12-04,20:23:15,5.6,43.4
2024-12-04,20:24:15,5.6,43.3
2024-12-04,20:25:16,5.6,43.3
2024-12-04,20:26:16,5.5,43.3
2024-12-04,20:27:16,5.5,43.5
2024-12-04,20:28:16,5.5,43.4
2024-12-04,20:29:17,5.5,43.4
2024-12-04,20:30:17,5.4,43.4
2024-12-04,20:31:17,5.5,43.6
2024-12-04,20:32:17,5.4,43.5
2024-12-04,20:33:18,5.4,43.5
2024-12-04,20:34:18,5.4,43.6
2024-12-04,20:35:18,5.5,43.5
2024-12-04,20:36:18,5.5,43.5
2024-12-04,20:37:19,5.5,43.6
2024-12-04,20:38:19,5.5,43.6
2024-12-04,20:39:19,5.5,43.6
2024-12-04,20:40:19,5.5,43.6
2024-12-04,20:41:20,5.5,43.5
2024-12-04,20:42:20,5.5,43.6
2024-12-04,20:43:20,5.4,43.5
2024-12-04,20:44:20,5.4,43.6
2024-12-04,20:45:21,5.4,43.6
2024-12-04,20:46:21,5.4,43.6
2024-12-04,20:47:21,5.4,43.6
2024-12-04,20:48:21,5.4,43.7
2024-12-04,20:49:22,5.4,43.6
2024-12-04,20:50:22,5.4,43.7
2024-12-04,20:51:22,5.4,43.6
2024-12-04,20:52:23,5.4,43.6
2024-12-04,20:53:23,5.4,43.6
2024-12-04,20:54:23,5.3,43.7
2024-12-04,20:55:23,5.3,43.6
2024-12-04,20:56:24,5.3,43.8
2024-12-04,20:57:24,5.3,43.6
2024-12-04,20:58:24,5.3,43.6
2024-12-04,20:59:24,5.3,43.6
2024-12-04,21:00:25,5.3,43.6
2024-12-04,21:01:25,5.2,43.7
2024-12-04,21:02:25,5.2,43.8
2024-12-04,21:03:25,5.2,43.7
2024-12-04,21:04:26,5.3,43.8
2024-12-04,21:05:26,5.3,43.9
2024-12-04,21:06:26,5.4,44.0
2024-12-04,21:07:26,5.4,43.9
2024-12-04,21:08:27,5.4,43.9
2024-12-04,21:09:27,5.4,43.9
2024-12-04,21:10:27,5.4,43.8
2024-12-04,21:11:28,5.3,43.8
2024-12-04,21:12:28,5.3,43.7
2024-12-04,21:13:28,5.3,43.8
2024-12-04,21:14:28,5.3,43.8
2024-12-04,21:15:29,5.3,43.9
2024-12-04,21:16:29,5.2,43.9
2024-12-04,21:17:29,5.2,44.0
2024-12-04,21:18:29,5.3,44.0
2024-12-04,21:19:30,5.3,44.1
2024-12-04,21:20:30,5.3,44.1
2024-12-04,21:21:30,5.2,44.1
2024-12-04,21:22:30,5.2,44.1
2024-12-04,21:23:31,5.1,44.1
2024-12-04,21:24:31,5.1,44.1
2024-12-04,21:25:31,5.2,44.1
2024-12-04,21:26:31,5.1,44.2
2024-12-04,21:27:32,5.1,44.2
2024-12-04,21:28:32,5.1,44.2
2024-12-04,21:29:32,5.2,44.2
2024-12-04,21:30:32,5.2,44.2
2024-12-04,21:31:33,5.1,44.1
2024-12-04,21:32:33,5.1,44.1
2024-12-04,21:33:33,5.1,44.1
2024-12-04,21:34:33,5.1,44.1
2024-12-04,21:35:34,5.1,44.2
2024-12-04,21:36:34,5.1,44.1
2024-12-04,21:37:34,5.1,44.1
2024-12-04,21:38:35,5.1,44.0
2024-12-04,21:39:35,5.1,44.0
2024-12-04,21:40:35,5.0,44.1
2024-12-04,21:41:35,5.0,44.2
2024-12-04,21:42:36,5.0,44.2
2024-12-04,21:43:36,5.0,44.3
2024-12-04,21:44:36,5.1,44.3
2024-12-04,21:45:36,5.1,44.2
2024-12-04,21:46:37,5.0,44.1
2024-12-04,21:47:37,5.0,44.1
2024-12-04,21:48:37,5.1,44.1
2024-12-04,21:49:37,5.1,44.2
2024-12-04,21:50:38,5.1,44.1
2024-12-04,21:51:38,5.1,44.2
2024-12-04,21:52:38,5.0,44.1
2024-12-04,21:53:38,5.0,44.2
2024-12-04,21:54:39,5.0,44.2
2024-12-04,21:55:39,5.0,44.3
2024-12-04,21:56:39,5.0,44.3
2024-12-04,21:57:40,5.0,44.3
2024-12-04,21:58:40,5.0,44.4
2024-12-04,21:59:40,4.9,44.5
2024-12-04,22:00:40,4.9,44.5
2024-12-04,22:01:41,4.9,44.5
2024-12-04,22:02:41,5.0,44.5
2024-12-04,22:03:41,4.9,44.5
2024-12-04,22:04:41,4.9,44.5
2024-12-04,22:05:42,4.9,44.5
2024-12-04,22:06:42,4.9,44.5
2024-12-04,22:07:42,4.9,44.5
2024-12-04,22:08:42,4.9,44.6
2024-12-04,22:09:43,4.9,44.6
2024-12-04,22:10:43,4.9,44.4
2024-12-04,22:11:43,5.0,44.4
2024-12-04,22:12:44,5.0,44.4
2024-12-04,22:13:44,5.0,44.4
2024-12-04,22:14:44,4.9,44.4
2024-12-04,22:15:44,4.9,44.4
2024-12-04,22:16:45,4.9,44.4
2024-12-04,22:17:45,5.0,44.5
2024-12-04,22:18:45,5.0,44.4
2024-12-04,22:19:45,5.0,44.4
2024-12-04,22:20:46,4.9,44.4
2024-12-04,22:21:46,4.9,44.4
2024-12-04,22:22:46,4.8,44.6
2024-12-04,22:23:46,4.8,44.7
2024-12-04,22:24:47,4.8,44.7
2024-12-04,22:25:47,4.8,44.7
2024-12-04,22:26:47,4.8,44.7
2024-12-04,22:27:47,4.8,44.6
2024-12-04,22:28:48,4.8,44.6
2024-12-04,22:29:48,4.9,44.7
2024-12-04,22:30:48,4.8,44.7
2024-12-04,22:31:48,4.8,44.7
2024-12-04,22:32:49,4.9,44.6
2024-12-04,22:33:49,4.9,44.5
2024-12-04,22:34:49,4.9,44.5
2024-12-04,22:35:50,4.8,44.5
2024-12-04,22:36:50,4.9,44.5
2024-12-04,22:37:50,4.8,44.6
2024-12-04,22:38:50,4.8,44.5
2024-12-04,22:39:51,4.8,44.6
2024-12-04,22:40:51,4.8,44.6
2024-12-04,22:41:51,4.8,44.6
2024-12-04,22:42:51,4.8,44.7
2024-12-04,22:43:52,4.9,44.8
2024-12-04,22:44:52,4.9,44.7
2024-12-04,22:45:52,4.9,44.6
2024-12-04,22:46:52,4.8,44.6
2024-12-04,22:47:53,4.8,44.6
2024-12-04,22:48:53,4.8,44.6
2024-12-04,22:49:53,4.8,44.7
2024-12-04,22:50:53,4.8,44.7
2024-12-04,22:51:54,4.8,44.8
2024-12-04,22:52:54,4.9,44.7
2024-12-04,22:53:54,4.9,44.7
2024-12-04,22:54:54,4.9,44.7
2024-12-04,22:55:55,4.8,44.8
2024-12-04,22:56:55,4.8,44.9
2024-12-04,22:57:55,4.7,45.0
2024-12-04,22:58:56,4.8,45.0
2024-12-04,22:59:56,4.8,44.9
2024-12-04,23:00:56,4.8,44.8
2024-12-04,23:01:56,4.8,44.8
2024-12-04,23:02:57,4.7,44.8
2024-12-04,23:03:57,4.7,44.8
2024-12-04,23:04:57,4.7,44.9
2024-12-04,23:05:57,4.7,44.9
2024-12-04,23:06:58,4.8,45.1
2024-12-04,23:07:58,4.8,45.0
2024-12-04,23:08:58,4.8,44.9
2024-12-04,23:09:58,4.8,44.8
2024-12-04,23:10:59,4.8,44.8
2024-12-04,23:11:59,4.8,44.8
2024-12-04,23:12:59,4.8,44.9
2024-12-04,23:14:00,4.8,44.8
2024-12-04,23:15:00,4.8,44.9
2024-12-04,23:16:00,4.8,44.9
2024-12-04,23:17:00,4.8,44.9
2024-12-04,23:18:01,4.8,44.9
2024-12-04,23:19:01,4.8,44.9
2024-12-04,23:20:01,4.7,45.0
2024-12-04,23:21:01,4.7,44.9
2024-12-04,23:22:02,4.8,45.0
2024-12-04,23:23:02,4.8,45.0
2024-12-04,23:24:02,4.8,45.1
2024-12-04,23:25:02,4.7,45.2
2024-12-04,23:26:03,4.8,45.3
2024-12-04,23:27:03,4.7,45.3
2024-12-04,23:28:03,4.7,45.3
2024-12-04,23:29:04,4.7,45.3
2024-12-04,23:30:04,4.7,45.3
2024-12-04,23:31:04,4.7,45.3
2024-12-04,23:32:04,4.7,45.4
2024-12-04,23:33:05,4.7,45.4
2024-12-04,23:34:05,4.7,45.3
2024-12-04,23:35:05,4.7,45.4
2024-12-04,23:36:05,4.7,45.4
2024-12-04,23:37:06,4.7,45.4
2024-12-04,23:38:06,4.7,45.4
2024-12-04,23:39:06,4.8,45.4
2024-12-04,23:40:06,4.8,45.4
2024-12-04,23:41:07,4.7,45.4
2024-12-04,23:42:07,4.8,45.5
2024-12-04,23:43:07,4.7,45.6
2024-12-04,23:44:08,4.8,45.6
2024-12-04,23:45:08,4.8,45.4
2024-12-04,23:46:08,4.8,45.5
2024-12-04,23:47:08,4.8,45.4
2024-12-04,23:48:09,4.8,45.4
2024-12-04,23:49:09,4.8,45.7
2024-12-04,23:50:09,4.8,45.5
2024-12-04,23:51:09,4.8,45.6
2024-12-04,23:52:10,4.8,45.6
2024-12-04,23:53:10,4.8,45.5
2024-12-04,23:54:10,4.8,45.6
2024-12-04,23:55:10,4.9,45.6
2024-12-04,23:56:11,4.9,45.6
2024-12-04,23:57:11,4.9,45.6
2024-12-04,23:58:11,4.9,45.6
2024-12-04,23:59:11,5.0,45.5
2024-12-05,00:00:12,4.8,45.6
2024-12-05,00:01:12,4.9,45.6
2024-12-05,00:02:12,4.9,45.6
2024-12-05,00:03:12,4.9,45.8
2024-12-05,00:04:13,4.9,45.8
2024-12-05,00:05:13,4.9,46.0
2024-12-05,00:06:13,4.9,46.1
2024-12-05,00:07:13,4.9,46.0
2024-12-05,00:08:14,5.0,46.0
2024-12-05,00:09:14,4.9,46.1
2024-12-05,00:10:14,4.9,46.1
2024-12-05,00:11:14,5.0,46.1
2024-12-05,00:12:15,5.0,46.1
2024-12-05,00:13:15,5.0,46.0
2024-12-05,00:14:15,5.0,46.0
2024-12-05,00:15:15,5.1,46.0
2024-12-05,00:16:16,5.1,46.0
2024-12-05,00:17:16,5.0,45.9
2024-12-05,00:18:16,5.1,45.9
2024-12-05,00:19:16,5.2,45.8
2024-12-05,00:20:17,5.1,45.8
2024-12-05,00:21:17,5.2,45.8
2024-12-05,00:22:17,5.2,45.7
2024-12-05,00:23:17,5.3,45.8
2024-12-05,00:24:18,5.3,45.7
2024-12-05,00:25:18,5.3,45.7
2024-12-05,00:26:18,5.3,45.8
2024-12-05,00:27:18,5.3,45.8
2024-12-05,00:28:19,5.3,45.7
2024-12-05,00:29:19,5.3,45.7
2024-12-05,00:30:19,5.4,45.7
2024-12-05,00:31:19,5.5,45.6
2024-12-05,00:32:20,5.5,45.6
2024-12-05,00:33:20,5.4,45.6
2024-12-05,00:34:20,5.5,45.7
2024-12-05,00:35:20,5.5,45.7
2024-12-05,00:36:21,5.5,45.9
2024-12-05,00:37:21,5.5,45.8
2024-12-05,00:38:21,5.5,45.8
2024-12-05,00:39:21,5.4,45.9
2024-12-05,00:40:22,5.5,46.0
2024-12-05,00:41:22,5.6,45.8
2024-12-05,00:42:22,5.6,45.9
2024-12-05,00:43:22,5.6,45.8
2024-12-05,00:44:23,5.6,45.8
2024-12-05,00:45:23,5.6,45.8
2024-12-05,00:46:23,5.7,45.8
2024-12-05,00:47:23,5.7,45.6
2024-12-05,00:48:24,5.7,45.6
2024-12-05,00:49:24,5.7,45.6
2024-12-05,00:50:24,5.8,45.6
2024-12-05,00:51:25,5.8,45.7
2024-12-05,00:52:25,5.7,45.8
2024-12-05,00:53:25,5.8,46.0
2024-12-05,00:54:25,5.8,46.1
2024-12-05,00:55:26,5.7,46.2
2024-12-05,00:56:26,5.8,46.2
2024-12-05,00:57:26,5.8,46.1
2024-12-05,00:58:26,5.8,46.1
2024-12-05,00:59:26,5.9,46.1
2024-12-05,01:00:27,5.9,46.1
2024-12-05,01:01:27,6.0,46.0
2024-12-05,01:02:27,5.9,46.1
2024-12-05,01:03:27,6.0,46.1
2024-12-05,01:04:28,6.0,46.0
2024-12-05,01:05:28,6.0,46.0
2024-12-05,01:06:28,6.1,46.0
2024-12-05,01:07:28,6.1,46.0
2024-12-05,01:08:29,6.1,45.8
2024-12-05,01:09:29,6.2,45.9
2024-12-05,01:10:29,6.2,45.8
2024-12-05,01:11:30,6.2,45.9
2024-12-05,01:12:30,6.2,46.0
2024-12-05,01:13:30,6.3,46.1
2024-12-05,01:14:30,6.3,46.1
2024-12-05,01:15:31,6.3,46.1
2024-12-05,01:16:31,6.4,46.1
2024-12-05,01:17:31,6.4,46.0
2024-12-05,01:18:31,6.5,46.0
2024-12-05,01:19:32,6.5,45.9
2024-12-05,01:20:32,6.5,45.9
2024-12-05,01:21:32,6.6,45.9
2024-12-05,01:22:32,6.5,46.0
2024-12-05,01:23:33,6.6,46.0
2024-12-05,01:24:33,6.5,46.1
2024-12-05,01:25:33,6.6,46.1
2024-12-05,01:26:33,6.6,46.0
2024-12-05,01:27:34,6.6,46.0
2024-12-05,01:28:34,6.7,45.9
2024-12-05,01:29:34,6.7,46.0
2024-12-05,01:30:34,6.7,46.0
2024-12-05,01:31:35,6.7,45.9
2024-12-05,01:32:35,6.7,46.0
2024-12-05,01:33:35,6.7,46.0
2024-12-05,01:34:35,6.7,46.1
2024-12-05,01:35:36,6.7,46.1
2024-12-05,01:36:36,6.7,46.1
2024-12-05,01:37:36,6.8,46.1
2024-12-05,01:38:36,6.7,46.1
2024-12-05,01:39:37,6.8,46.2
2024-12-05,01:40:37,6.8,46.3
2024-12-05,01:41:37,6.8,46.2
2024-12-05,01:42:37,6.8,46.1
2024-12-05,01:43:38,6.8,46.1
2024-12-05,01:44:38,6.9,46.1
2024-12-05,01:45:38,6.9,46.1
2024-12-05,01:46:38,6.9,46.0
2024-12-05,01:47:39,6.9,45.9
2024-12-05,01:48:39,7.0,45.9
2024-12-05,01:49:39,6.9,46.0
2024-12-05,01:50:39,6.9,45.8
2024-12-05,01:51:40,7.0,45.9
2024-12-05,01:52:40,7.0,45.9
2024-12-05,01:53:40,7.0,45.8
2024-12-05,01:54:41,7.1,45.9
2024-12-05,01:55:41,7.0,46.0
2024-12-05,01:56:41,7.0,46.0
2024-12-05,01:57:41,7.1,46.0
2024-12-05,01:58:42,7.2,46.1
2024-12-05,01:59:42,7.2,46.1
2024-12-05,02:00:42,7.2,46.0
2024-12-05,02:01:42,7.3,46.1
2024-12-05,02:02:43,7.3,46.0
2024-12-05,02:03:43,7.3,45.9
2024-12-05,02:04:43,7.4,45.9
2024-12-05,02:05:43,7.4,45.8
2024-12-05,02:06:44,7.4,45.8
2024-12-05,02:07:44,7.5,45.8
2024-12-05,02:08:44,7.5,45.8
2024-12-05,02:09:44,7.6,45.6
2024-12-05,02:10:45,7.7,45.6
2024-12-05,02:11:45,7.7,45.5
2024-12-05,02:12:45,7.8,45.5
2024-12-05,02:13:45,7.8,45.4
2024-12-05,02:14:46,7.8,45.4
2024-12-05,02:15:46,7.9,45.3
2024-12-05,02:16:46,7.9,45.2
2024-12-05,02:17:46,8.0,45.2
2024-12-05,02:18:47,8.0,45.2
2024-12-05,02:19:47,8.0,45.1
2024-12-05,02:20:47,8.0,45.1
2024-12-05,02:21:47,8.1,45.1
2024-12-05,02:22:48,8.1,45.1
2024-12-05,02:23:48,8.2,45.0
2024-12-05,02:24:48,8.2,45.0
2024-12-05,02:25:48,8.3,44.9
2024-12-05,02:26:49,8.3,44.9
2024-12-05,02:27:49,8.3,44.8
2024-12-05,02:28:49,8.4,44.8
2024-12-05,02:29:50,8.4,44.7
2024-12-05,02:30:50,8.5,44.5
2024-12-05,02:31:50,8.5,44.5
2024-12-05,02:32:50,8.6,44.5
2024-12-05,02:33:51,8.6,44.5
2024-12-05,02:34:51,8.6,44.4
2024-12-05,02:35:51,8.7,44.3
2024-12-05,02:36:51,8.7,44.1
2024-12-05,02:37:52,8.8,43.7
2024-12-05,02:38:52,8.8,43.6
2024-12-05,02:39:52,8.9,43.7
2024-12-05,02:40:52,8.9,43.7
2024-12-05,02:41:53,9.0,43.3
2024-12-05,02:42:53,9.0,43.0
2024-12-05,02:43:53,9.0,43.0
2024-12-05,02:44:53,9.1,43.0
2024-12-05,02:45:54,9.1,42.4
2024-12-05,02:46:54,9.1,42.1
2024-12-05,02:47:54,9.1,42.2
2024-12-05,02:48:54,9.2,42.4
2024-12-05,02:49:55,9.2,42.4
2024-12-05,02:50:55,9.3,42.2
2024-12-05,02:51:55,9.3,42.1
2024-12-05,02:52:56,9.3,42.1
2024-12-05,02:53:56,9.3,42.2
2024-12-05,02:54:56,9.4,42.3
2024-12-05,02:55:56,9.5,42.3
2024-12-05,02:56:57,9.5,42.0
2024-12-05,02:57:57,9.5,41.9
2024-12-05,02:58:57,9.5,41.9
2024-12-05,02:59:57,9.6,41.9
2024-12-05,03:00:58,9.6,41.7
2024-12-05,03:01:58,9.6,41.8
2024-12-05,03:02:58,9.7,41.7
2024-12-05,03:03:58,9.7,41.6
2024-12-05,03:04:59,9.7,41.4
2024-12-05,03:05:59,9.8,41.5
2024-12-05,03:06:59,9.8,41.6
2024-12-05,03:07:59,9.9,41.7
2024-12-05,03:09:00,9.9,41.6
2024-12-05,03:10:00,9.9,41.7
2024-12-05,03:11:00,10.0,41.6
2024-12-05,03:12:00,10.0,41.6
2024-12-05,03:13:01,10.1,41.7
2024-12-05,03:14:01,10.1,41.5
2024-12-05,03:15:01,10.2,41.3
2024-12-05,03:16:02,10.2,41.1
2024-12-05,03:17:02,10.2,41.0
2024-12-05,03:18:02,10.3,41.2
2024-12-05,03:19:02,10.3,41.2
2024-12-05,03:20:03,10.3,41.3
2024-12-05,03:21:03,10.4,41.3
2024-12-05,03:22:03,10.4,41.1
2024-12-05,03:23:03,10.5,41.0
2024-12-05,03:24:04,10.5,41.0
2024-12-05,03:25:04,10.5,40.9
2024-12-05,03:26:04,10.6,40.8
2024-12-05,03:27:05,10.6,40.7
2024-12-05,03:28:05,10.7,40.6
2024-12-05,03:29:05,10.7,40.6
2024-12-05,03:30:05,10.7,40.4
2024-12-05,03:31:06,10.7,40.2
2024-12-05,03:32:06,10.8,40.1
2024-12-05,03:33:06,10.8,40.3
2024-12-05,03:34:06,10.8,40.4
2024-12-05,03:35:07,10.8,40.3
2024-12-05,03:36:07,10.9,40.2
2024-12-05,03:37:07,10.9,40.0
2024-12-05,03:38:07,11.0,40.0
2024-12-05,03:39:08,11.0,40.1
2024-12-05,03:40:08,11.0,40.0
2024-12-05,03:41:08,11.1,39.9
2024-12-05,03:42:08,11.1,40.0
2024-12-05,03:43:09,11.1,39.6
2024-12-05,03:44:09,11.1,39.4
2024-12-05,03:45:09,11.1,39.4
2024-12-05,03:46:10,11.1,39.6
2024-12-05,03:47:10,11.2,39.7
2024-12-05,03:48:10,11.2,39.7
2024-12-05,03:49:10,11.3,39.7
2024-12-05,03:50:11,11.3,39.7
2024-12-05,03:51:11,11.3,39.7
2024-12-05,03:52:11,11.4,39.7
2024-12-05,03:53:11,11.4,39.6
2024-12-05,03:54:12,11.4,39.4
2024-12-05,03:55:12,11.5,39.3
2024-12-05,03:56:12,11.5,38.9
2024-12-05,03:57:12,11.5,38.9
2024-12-05,03:58:13,11.5,39.0
2024-12-05,03:59:13,11.5,39.1
2024-12-05,04:00:13,11.6,38.9
2024-12-05,04:01:13,11.6,38.8
2024-12-05,04:02:14,11.6,38.7
2024-12-05,04:03:14,11.7,38.8
2024-12-05,04:04:14,11.7,38.6
2024-12-05,04:05:15,11.7,38.7
2024-12-05,04:06:15,11.7,38.8
2024-12-05,04:07:15,11.8,38.5
2024-12-05,04:08:15,11.8,38.2
2024-12-05,04:09:16,11.8,37.9
2024-12-05,04:10:16,11.8,37.8
2024-12-05,04:11:16,11.9,37.8
2024-12-05,04:12:16,11.9,37.9
2024-12-05,04:13:17,11.9,37.6
2024-12-05,04:14:17,11.9,37.2
2024-12-05,04:15:17,11.9,37.2
2024-12-05,04:16:17,11.9,37.1
2024-12-05,04:17:18,11.9,36.8
2024-12-05,04:18:18,11.9,36.6
2024-12-05,04:19:18,11.9,36.4
2024-12-05,04:20:19,11.9,36.3
2024-12-05,04:21:19,11.9,36.4
2024-12-05,04:22:19,11.9,36.4
2024-12-05,04:23:19,11.9,36.4
2024-12-05,04:24:20,11.9,36.6
2024-12-05,04:25:20,11.9,36.7
2024-12-05,04:26:20,11.9,36.2
2024-12-05,04:27:20,11.9,35.9
2024-12-05,04:28:21,11.9,35.9
2024-12-05,04:29:21,11.9,36.1
2024-12-05,04:30:21,11.9,35.8
2024-12-05,04:31:22,11.9,35.9
2024-12-05,04:32:22,11.9,35.7
2024-12-05,04:33:22,11.8,35.7
2024-12-05,04:34:22,11.8,35.7
2024-12-05,04:35:23,11.8,35.7
2024-12-05,04:36:23,11.8,35.7
2024-12-05,04:37:23,11.8,35.7
2024-12-05,04:38:24,11.8,36.0
2024-12-05,04:39:24,11.8,36.0
2024-12-05,04:40:24,11.8,36.0
2024-12-05,04:41:25,11.8,35.7
2024-12-05,04:42:25,11.7,35.7
2024-12-05,04:43:25,11.7,35.7
2024-12-05,04:44:25,11.7,35.4
2024-12-05,04:45:26,11.6,35.7
2024-12-05,04:46:26,11.6,35.7
2024-12-05,04:47:26,11.6,35.6
2024-12-05,04:48:26,11.5,35.5
2024-12-05,04:49:27,11.5,35.7
2024-12-05,04:50:27,11.5,35.9
2024-12-05,04:51:27,11.5,36.0
2024-12-05,04:52:27,11.5,36.1
2024-12-05,04:53:28,11.5,36.3
2024-12-05,04:54:28,11.5,35.9
2024-12-05,04:55:28,11.4,35.7
2024-12-05,04:56:28,11.4,35.9
2024-12-05,04:57:29,11.4,35.9
2024-12-05,04:58:29,11.3,36.1
2024-12-05,04:59:29,11.4,36.2
2024-12-05,05:00:30,11.3,36.3
2024-12-05,05:01:30,11.3,36.5
2024-12-05,05:02:30,11.3,36.3
2024-12-05,05:03:30,11.4,36.3
2024-12-05,05:04:31,11.3,36.2
2024-12-05,05:05:31,11.3,36.3
2024-12-05,05:06:31,11.3,36.4
2024-12-05,05:07:31,11.4,36.4
2024-12-05,05:08:32,11.4,36.5
2024-12-05,05:09:32,11.4,36.6
2024-12-05,05:10:32,11.4,36.9
2024-12-05,05:11:33,11.4,36.8
2024-12-05,05:12:33,11.3,36.7
2024-12-05,05:13:33,11.3,36.8
2024-12-05,05:14:33,11.3,37.0
2024-12-05,05:15:34,11.3,37.1
2024-12-05,05:16:34,11.3,37.0
2024-12-05,05:17:34,11.3,37.1
2024-12-05,05:18:34,11.3,37.2
2024-12-05,05:19:35,11.3,37.2
2024-12-05,05:20:35,11.3,37.4
2024-12-05,05:21:35,11.3,37.3
2024-12-05,05:22:36,11.3,37.5
2024-12-05,05:23:36,11.3,37.5
2024-12-05,05:24:36,11.3,37.7
2024-12-05,05:25:36,11.2,37.5
2024-12-05,05:26:37,11.2,37.7
2024-12-05,05:27:37,11.2,37.6
2024-12-05,05:28:37,11.2,37.9
2024-12-05,05:29:37,11.2,38.0
2024-12-05,05:30:38,11.2,37.8
2024-12-05,05:31:38,11.2,38.0
2024-12-05,05:32:38,11.2,37.9
2024-12-05,05:33:38,11.2,38.1
2024-12-05,05:34:39,11.1,38.1
2024-12-05,05:35:39,11.1,38.3
2024-12-05,05:36:39,11.1,38.4
2024-12-05,05:37:39,11.1,38.3
2024-12-05,05:38:40,11.1,38.4
2024-12-05,05:39:40,11.1,38.5
2024-12-05,05:40:40,11.1,38.6
2024-12-05,05:41:41,11.1,38.5
2024-12-05,05:42:41,11.0,38.4
2024-12-05,05:43:41,11.0,38.6
2024-12-05,05:44:41,11.0,38.8
2024-12-05,05:45:42,11.0,38.8
2024-12-05,05:46:42,11.0,38.6
2024-12-05,05:47:42,11.0,38.7
2024-12-05,05:48:42,11.0,38.8
2024-12-05,05:49:43,11.0,38.9
2024-12-05,05:50:43,11.0,38.9
2024-12-05,05:51:43,11.0,38.9
2024-12-05,05:52:44,10.9,39.0
2024-12-05,05:53:44,11.0,39.1
2024-12-05,05:54:44,11.0,39.0
2024-12-05,05:55:44,10.9,39.2
2024-12-05,05:56:45,10.9,39.2
2024-12-05,05:57:45,11.0,39.1
2024-12-05,05:58:45,11.0,39.1
2024-12-05,05:59:45,10.9,39.2
2024-12-05,06:00:46,11.0,39.1
2024-12-05,06:01:46,11.0,39.1
2024-12-05,06:02:46,10.9,39.1
2024-12-05,06:03:46,10.9,39.3
2024-12-05,06:04:47,10.9,39.3
2024-12-05,06:05:47,10.9,39.1
2024-12-05,06:06:47,10.9,39.2
2024-12-05,06:07:48,10.9,39.5
2024-12-05,06:08:48,10.9,39.3
2024-12-05,06:09:48,10.9,39.4
2024-12-05,06:10:48,10.9,39.5
2024-12-05,06:11:49,10.9,39.6
2024-12-05,06:12:49,10.9,39.6
2024-12-05,06:13:49,10.9,39.6
2024-12-05,06:14:49,10.9,39.6
2024-12-05,06:15:50,10.9,39.8
2024-12-05,06:16:50,10.9,39.7
2024-12-05,06:17:50,10.9,39.8
2024-12-05,06:18:50,10.9,39.9
2024-12-05,06:19:51,10.9,39.8
2024-12-05,06:20:51,10.9,39.9
2024-12-05,06:21:51,10.9,40.0
2024-12-05,06:22:51,11.0,39.9
2024-12-05,06:23:52,11.0,40.0
2024-12-05,06:24:52,11.0,40.1
2024-12-05,06:25:52,11.0,40.1
2024-12-05,06:26:52,11.0,40.1
2024-12-05,06:27:53,11.0,40.3
2024-12-05,06:28:53,11.0,40.3
2024-12-05,06:29:53,11.0,40.3
2024-12-05,06:30:54,11.0,40.4
2024-12-05,06:31:54,11.0,40.3
2024-12-05,06:32:54,11.1,40.4
2024-12-05,06:33:54,11.0,40.4
2024-12-05,06:34:54,11.0,40.4
2024-12-05,06:35:55,11.1,40.6
2024-12-05,06:36:55,11.1,40.6
2024-12-05,06:37:55,11.1,40.7
2024-12-05,06:38:55,11.1,40.7
2024-12-05,06:39:56,11.1,40.7
2024-12-05,06:40:56,11.1,40.7
2024-12-05,06:41:56,11.1,40.8
2024-12-05,06:42:57,11.1,40.8
2024-12-05,06:43:57,11.1,40.9
2024-12-05,06:44:57,11.2,40.9
2024-12-05,06:45:57,11.2,40.9
2024-12-05,06:46:58,11.2,41.0
2024-12-05,06:47:58,11.2,41.0
2024-12-05,06:48:58,11.2,41.1
2024-12-05,06:49:58,11.2,41.0
2024-12-05,06:50:59,11.2,41.0
2024-12-05,06:51:59,11.2,41.1
2024-12-05,06:52:59,11.2,41.1
2024-12-05,06:53:59,11.2,41.3
2024-12-05,06:55:00,11.2,41.3
2024-12-05,06:56:00,11.2,41.2
2024-12-05,06:57:00,11.2,41.3
2024-12-05,06:58:00,11.2,41.4
2024-12-05,06:59:01,11.2,41.5
2024-12-05,07:00:01,11.1,41.6
2024-12-05,07:01:01,11.1,41.5
2024-12-05,07:02:01,11.1,41.6
2024-12-05,07:03:02,11.1,41.5
2024-12-05,07:04:02,11.1,41.6
2024-12-05,07:05:02,11.1,41.7
2024-12-05,07:06:03,11.1,41.7
2024-12-05,07:07:03,11.1,41.9
2024-12-05,07:08:03,11.1,41.9
2024-12-05,07:09:03,11.0,42.0
2024-12-05,07:10:04,11.0,42.0
2024-12-05,07:11:04,11.0,42.1
2024-12-05,07:12:04,11.0,42.1
2024-12-05,07:13:04,11.0,42.1
2024-12-05,07:14:04,11.0,42.3
2024-12-05,07:15:05,11.0,42.3
2024-12-05,07:16:05,11.0,42.3
2024-12-05,07:17:05,10.9,42.3
2024-12-05,07:18:06,10.9,42.3
2024-12-05,07:19:06,10.9,42.5
2024-12-05,07:20:06,10.8,42.6
2024-12-05,07:21:06,10.8,42.5
2024-12-05,07:22:07,10.8,42.6
2024-12-05,07:23:07,10.8,42.7
2024-12-05,07:24:07,10.8,42.7
2024-12-05,07:25:07,10.8,42.7
2024-12-05,07:26:08,10.8,42.8
2024-12-05,07:27:08,10.7,42.9
2024-12-05,07:28:08,10.7,42.9
2024-12-05,07:29:08,10.7,42.9
2024-12-05,07:30:09,10.7,43.0
2024-12-05,07:31:09,10.7,43.1
2024-12-05,07:32:09,10.6,43.2
2024-12-05,07:33:09,10.6,43.2
2024-12-05,07:34:10,10.6,43.2
2024-12-05,07:35:10,10.6,43.3
2024-12-05,07:36:10,10.6,43.3
2024-12-05,07:37:10,10.6,43.3
2024-12-05,07:38:11,10.6,43.3
2024-12-05,07:39:11,10.6,43.4
2024-12-05,07:40:11,10.5,43.4
2024-12-05,07:41:11,10.5,43.5
2024-12-05,07:42:12,10.5,43.6
2024-12-05,07:43:12,10.5,43.6
2024-12-05,07:44:12,10.5,43.7
2024-12-05,07:45:12,10.5,43.8
2024-12-05,07:46:13,10.4,44.0
2024-12-05,07:47:13,10.4,44.1
2024-12-05,07:48:13,10.4,44.1
2024-12-05,07:49:14,10.4,44.2
2024-12-05,07:50:14,10.4,44.1
2024-12-05,07:51:14,10.3,44.2
2024-12-05,07:52:14,10.3,44.2
2024-12-05,07:53:15,10.3,44.3
2024-12-05,07:54:15,10.3,44.4
2024-12-05,07:55:15,10.3,44.4
2024-12-05,07:56:15,10.3,44.5
2024-12-05,07:57:16,10.3,44.6
2024-12-05,07:58:16,10.2,44.6
2024-12-05,07:59:16,10.2,44.8
2024-12-05,08:00:16,10.2,44.7
2024-12-05,08:01:17,10.2,44.8
2024-12-05,08:02:17,10.2,44.7
2024-12-05,08:03:17,10.2,44.7
2024-12-05,08:04:17,10.2,44.8
2024-12-05,08:05:18,10.1,44.8
2024-12-05,08:06:18,10.1,44.9
2024-12-05,08:07:18,10.1,45.0
2024-12-05,08:08:18,10.0,45.1
2024-12-05,08:09:19,10.0,45.2
2024-12-05,08:10:19,10.1,45.1
2024-12-05,08:11:19,10.0,45.0
2024-12-05,08:12:20,10.0,45.1
2024-12-05,08:13:20,10.0,45.2
2024-12-05,08:14:20,10.0,45.3
2024-12-05,08:15:20,9.9,45.3
2024-12-05,08:16:21,9.9,45.6
2024-12-05,08:17:21,9.8,45.6
2024-12-05,08:18:21,9.8,45.6
2024-12-05,08:19:21,9.9,45.6
2024-12-05,08:20:22,9.8,45.6
2024-12-05,08:21:22,9.8,45.5
2024-12-05,08:22:22,9.8,45.7
2024-12-05,08:23:22,9.8,45.8
2024-12-05,08:24:23,9.8,45.8
2024-12-05,08:25:23,9.8,45.8
2024-12-05,08:26:23,9.8,45.8
2024-12-05,08:27:23,9.8,45.8
2024-12-05,08:28:24,9.8,45.9
2024-12-05,08:29:24,9.8,46.0
